{"input_data": [[0.00390625], [3.655120544458697e-17], [false], [5280], [10.941974639892578], [60.0], [11.105813026428223], [55.0, 52.0, 100.0, 97.0, 56.0, 55.0, 55.0, 48.0, 57.0, 98.0, 55.0, 98.0, 51.0, 99.0, 101.0, 101.0, 102.0, 54.0, 97.0, 57.0, 97.0, 99.0, 100.0, 101.0, 49.0, 57.0, 49.0, 54.0, 50.0, 55.0, 48.0, 97.0, 100.0, 54.0, 98.0, 52.0, 56.0, 53.0, 57.0, 52.0, 102.0, 101.0, 99.0, 100.0, 100.0, 52.0, 54.0, 100.0, 98.0, 101.0, 54.0, 56.0, 57.0, 57.0, 99.0, 54.0, 56.0, 97.0, 100.0, 49.0, 100.0, 52.0, 53.0, 56.0], [3216754], [208]], "input_shapes": [[1]]}